battery_id,chemistry,manufacturer,climate_zone,nominal_capacity_kwh,usage_strategy,dataset_split
BAT-00001,LFP,CellCorp,Temperate,86.72,Balanced,Train
BAT-00002,NMC,Electronica,Nordic,61.79,Conservative,Validation
BAT-00003,LFP,Electronica,Desert,82.86,Aggressive,Test
BAT-00004,NMC,Electronica,Nordic,67.31,Conservative,Train
BAT-00005,LFP,CellCorp,Nordic,81.44,Conservative,Train
BAT-00006,NMC,AlphaEnergy,Temperate,70.8,Conservative,Validation
BAT-00007,LFP,Electronica,Temperate,78.69,Fast-Charge Heavy,Train
BAT-00008,LFP,Voltaic,Desert,79.18,Balanced,Train
BAT-00009,NMC,Voltaic,Temperate,74.04,Balanced,Train
BAT-00010,NMC,Electronica,Temperate,62.48,Balanced,Validation
BAT-00011,LFP,Electronica,Temperate,69.36,Aggressive,Validation
BAT-00012,NMC,AlphaEnergy,Nordic,62.97,Conservative,Validation
BAT-00013,NMC,Electronica,Temperate,83.18,Fast-Charge Heavy,Validation
BAT-00014,NMC,Voltaic,Nordic,66.88,Conservative,Train
BAT-00015,NMC,AlphaEnergy,Nordic,64.93,Balanced,Train
BAT-00016,NCA,Voltaic,Desert,72.57,Balanced,Test
BAT-00017,LFP,Electronica,Temperate,71.62,Conservative,Train
BAT-00018,NMC,Voltaic,Temperate,81.82,Conservative,Train
BAT-00019,NMC,CellCorp,Temperate,53.84,Conservative,Train
BAT-00020,NMC,AlphaEnergy,Desert,73.36,Aggressive,Train
BAT-00021,LFP,CellCorp,Equatorial,67.23,Balanced,Train
BAT-00022,NMC,AlphaEnergy,Desert,65.96,Balanced,Train
BAT-00023,LFP,AlphaEnergy,Nordic,79.29,Balanced,Train
BAT-00024,LFP,Electronica,Desert,91.39,Balanced,Test
BAT-00025,LFP,AlphaEnergy,Desert,63.2,Balanced,Train
BAT-00026,NMC,Voltaic,Equatorial,69.17,Fast-Charge Heavy,Validation
BAT-00027,NMC,Voltaic,Equatorial,65.35,Aggressive,Train
BAT-00028,NMC,Electronica,Desert,87.84,Conservative,Validation
BAT-00029,NCA,Voltaic,Desert,51.84,Aggressive,Validation
BAT-00030,NMC,CellCorp,Desert,56.74,Balanced,Test
BAT-00031,NMC,AlphaEnergy,Temperate,68.2,Fast-Charge Heavy,Train
BAT-00032,NMC,AlphaEnergy,Temperate,77.6,Balanced,Train
BAT-00033,LFP,Voltaic,Equatorial,72.04,Balanced,Train
BAT-00034,LFP,CellCorp,Equatorial,75.17,Aggressive,Train
BAT-00035,NMC,CellCorp,Temperate,62.52,Aggressive,Train
BAT-00036,NMC,Electronica,Equatorial,64.24,Conservative,Train
BAT-00037,NMC,Electronica,Desert,55.99,Balanced,Train
BAT-00038,NMC,Electronica,Desert,55.73,Balanced,Train
BAT-00039,LFP,Voltaic,Temperate,72.02,Aggressive,Train
BAT-00040,NMC,CellCorp,Temperate,70.2,Balanced,Train
BAT-00041,LFP,CellCorp,Temperate,74.21,Conservative,Train
BAT-00042,LFP,Electronica,Desert,74.56,Balanced,Validation
BAT-00043,NCA,Electronica,Temperate,78.64,Balanced,Validation
BAT-00044,LFP,AlphaEnergy,Nordic,93.2,Balanced,Train
BAT-00045,NCA,CellCorp,Equatorial,69.63,Balanced,Test
BAT-00046,NCA,Voltaic,Nordic,74.7,Conservative,Train
BAT-00047,NMC,Voltaic,Temperate,69.26,Balanced,Test
BAT-00048,LFP,CellCorp,Desert,73.71,Balanced,Test
BAT-00049,NCA,CellCorp,Temperate,68.33,Conservative,Train
BAT-00050,NMC,AlphaEnergy,Temperate,72.7,Conservative,Train
BAT-00051,NMC,Voltaic,Desert,59.17,Conservative,Train
BAT-00052,NMC,CellCorp,Nordic,68.99,Balanced,Train
BAT-00053,NMC,AlphaEnergy,Desert,81.99,Fast-Charge Heavy,Validation
BAT-00054,NMC,CellCorp,Nordic,73.0,Balanced,Train
BAT-00055,LFP,Voltaic,Equatorial,76.98,Balanced,Train
BAT-00056,NMC,Electronica,Equatorial,85.45,Conservative,Train
BAT-00057,NCA,Electronica,Nordic,72.69,Balanced,Train
BAT-00058,NMC,Electronica,Temperate,66.19,Balanced,Test
BAT-00059,NCA,CellCorp,Temperate,74.42,Conservative,Test
BAT-00060,NCA,CellCorp,Nordic,71.15,Balanced,Test
BAT-00061,NMC,Electronica,Temperate,64.45,Balanced,Test
BAT-00062,NMC,CellCorp,Desert,58.52,Fast-Charge Heavy,Train
BAT-00063,NCA,CellCorp,Temperate,58.83,Balanced,Train
BAT-00064,NMC,CellCorp,Nordic,65.55,Balanced,Train
BAT-00065,NMC,AlphaEnergy,Temperate,85.01,Balanced,Train
BAT-00066,LFP,Voltaic,Nordic,66.99,Aggressive,Train
BAT-00067,NMC,Electronica,Equatorial,67.58,Balanced,Train
BAT-00068,LFP,AlphaEnergy,Temperate,87.04,Conservative,Train
BAT-00069,NMC,Electronica,Nordic,75.19,Aggressive,Test
BAT-00070,NMC,CellCorp,Equatorial,74.72,Aggressive,Train
BAT-00071,NMC,AlphaEnergy,Nordic,68.18,Aggressive,Train
BAT-00072,NMC,Electronica,Equatorial,65.96,Balanced,Test
BAT-00073,LFP,AlphaEnergy,Desert,87.21,Balanced,Train
BAT-00074,LFP,CellCorp,Nordic,66.62,Balanced,Train
BAT-00075,NMC,Voltaic,Equatorial,70.19,Conservative,Train
BAT-00076,NMC,Electronica,Desert,72.5,Balanced,Train
BAT-00077,NMC,CellCorp,Nordic,61.35,Balanced,Test
BAT-00078,NMC,Electronica,Temperate,59.3,Aggressive,Train
BAT-00079,NMC,CellCorp,Temperate,54.65,Conservative,Train
BAT-00080,NCA,AlphaEnergy,Temperate,81.27,Conservative,Train
BAT-00081,NMC,CellCorp,Nordic,53.43,Fast-Charge Heavy,Test
BAT-00082,NCA,Electronica,Equatorial,58.26,Balanced,Train
BAT-00083,NMC,Voltaic,Nordic,82.11,Aggressive,Train
BAT-00084,LFP,AlphaEnergy,Nordic,76.9,Conservative,Train
BAT-00085,NMC,CellCorp,Equatorial,67.17,Conservative,Train
BAT-00086,NMC,AlphaEnergy,Equatorial,68.25,Aggressive,Validation
BAT-00087,NMC,Electronica,Nordic,68.3,Balanced,Test
BAT-00088,NMC,CellCorp,Temperate,70.57,Balanced,Train
BAT-00089,NMC,CellCorp,Desert,66.22,Fast-Charge Heavy,Validation
BAT-00090,NMC,AlphaEnergy,Nordic,83.61,Aggressive,Test
BAT-00091,NMC,Electronica,Desert,67.41,Aggressive,Train
BAT-00092,NMC,CellCorp,Desert,66.36,Balanced,Train
BAT-00093,NMC,CellCorp,Desert,59.67,Conservative,Train
BAT-00094,NMC,AlphaEnergy,Temperate,60.64,Conservative,Test
BAT-00095,LFP,Voltaic,Desert,76.13,Balanced,Test
BAT-00096,NCA,AlphaEnergy,Equatorial,71.24,Aggressive,Train
BAT-00097,NCA,CellCorp,Temperate,71.41,Balanced,Test
BAT-00098,NMC,Voltaic,Desert,64.15,Fast-Charge Heavy,Train
BAT-00099,NMC,CellCorp,Equatorial,54.1,Balanced,Train
BAT-00100,NMC,Electronica,Nordic,62.42,Balanced,Train
BAT-00101,NMC,CellCorp,Equatorial,56.46,Conservative,Train
BAT-00102,LFP,CellCorp,Desert,71.74,Balanced,Validation
BAT-00103,NMC,Voltaic,Temperate,82.05,Balanced,Train
BAT-00104,LFP,AlphaEnergy,Nordic,83.02,Balanced,Train
BAT-00105,NMC,Electronica,Temperate,61.68,Conservative,Train
BAT-00106,NMC,Electronica,Nordic,61.35,Aggressive,Train
BAT-00107,NCA,Voltaic,Temperate,79.35,Balanced,Train
BAT-00108,LFP,Voltaic,Temperate,83.05,Balanced,Train
BAT-00109,NCA,Voltaic,Nordic,65.7,Balanced,Train
BAT-00110,NCA,Electronica,Desert,63.93,Balanced,Train
BAT-00111,NCA,Electronica,Nordic,59.24,Conservative,Test
BAT-00112,NMC,AlphaEnergy,Nordic,79.2,Balanced,Train
BAT-00113,NMC,AlphaEnergy,Desert,66.99,Aggressive,Validation
BAT-00114,NMC,AlphaEnergy,Temperate,56.11,Balanced,Train
BAT-00115,LFP,CellCorp,Desert,91.01,Balanced,Train
BAT-00116,LFP,AlphaEnergy,Equatorial,77.79,Aggressive,Train
BAT-00117,NCA,Voltaic,Desert,71.31,Aggressive,Train
BAT-00118,NMC,Voltaic,Nordic,74.55,Balanced,Train
BAT-00119,NCA,Electronica,Temperate,69.62,Balanced,Train
BAT-00120,LFP,CellCorp,Desert,74.84,Aggressive,Train
BAT-00121,NMC,Electronica,Temperate,55.21,Balanced,Train
BAT-00122,LFP,Electronica,Equatorial,79.08,Aggressive,Test
BAT-00123,NMC,Electronica,Desert,60.62,Balanced,Train
BAT-00124,LFP,AlphaEnergy,Desert,73.85,Balanced,Train
BAT-00125,NMC,AlphaEnergy,Desert,81.44,Balanced,Validation
BAT-00126,NMC,Electronica,Equatorial,55.31,Balanced,Train
BAT-00127,LFP,Voltaic,Equatorial,76.06,Fast-Charge Heavy,Test
BAT-00128,NCA,CellCorp,Desert,72.74,Aggressive,Train
BAT-00129,NMC,AlphaEnergy,Desert,74.84,Conservative,Train
BAT-00130,LFP,Voltaic,Nordic,67.63,Balanced,Train
BAT-00131,NMC,CellCorp,Nordic,65.66,Fast-Charge Heavy,Train
BAT-00132,NMC,CellCorp,Desert,64.02,Aggressive,Test
BAT-00133,LFP,AlphaEnergy,Equatorial,81.15,Conservative,Train
BAT-00134,NCA,Electronica,Temperate,69.41,Balanced,Train
BAT-00135,NMC,CellCorp,Equatorial,64.09,Fast-Charge Heavy,Train
BAT-00136,LFP,Voltaic,Nordic,74.35,Balanced,Train
BAT-00137,NMC,Voltaic,Temperate,73.45,Balanced,Train
BAT-00138,NMC,Electronica,Temperate,64.22,Balanced,Validation
BAT-00139,NMC,Voltaic,Equatorial,62.9,Aggressive,Validation
BAT-00140,NCA,AlphaEnergy,Nordic,64.31,Balanced,Train
BAT-00141,NCA,AlphaEnergy,Equatorial,78.52,Fast-Charge Heavy,Validation
BAT-00142,LFP,Voltaic,Temperate,80.76,Conservative,Test
BAT-00143,NMC,CellCorp,Temperate,66.2,Aggressive,Train
BAT-00144,NMC,AlphaEnergy,Temperate,61.3,Conservative,Validation
BAT-00145,LFP,Electronica,Desert,69.98,Balanced,Train
BAT-00146,NMC,Voltaic,Desert,57.44,Aggressive,Train
BAT-00147,NCA,AlphaEnergy,Equatorial,86.44,Balanced,Validation
BAT-00148,NCA,Electronica,Temperate,56.34,Balanced,Train
BAT-00149,LFP,AlphaEnergy,Equatorial,73.69,Conservative,Train
BAT-00150,LFP,Electronica,Nordic,73.19,Balanced,Train
BAT-00151,NMC,AlphaEnergy,Temperate,71.87,Aggressive,Test
BAT-00152,NMC,Voltaic,Nordic,68.34,Conservative,Train
BAT-00153,LFP,AlphaEnergy,Temperate,73.25,Balanced,Train
BAT-00154,NMC,Voltaic,Desert,58.36,Aggressive,Train
BAT-00155,NMC,CellCorp,Desert,82.7,Aggressive,Train
BAT-00156,NCA,CellCorp,Nordic,67.82,Aggressive,Train
BAT-00157,LFP,AlphaEnergy,Desert,82.02,Aggressive,Validation
BAT-00158,NMC,Electronica,Temperate,68.03,Balanced,Train
BAT-00159,NMC,AlphaEnergy,Temperate,81.62,Balanced,Validation
BAT-00160,NMC,Voltaic,Temperate,69.1,Balanced,Train
BAT-00161,NMC,Electronica,Desert,67.17,Conservative,Test
BAT-00162,NCA,Electronica,Temperate,58.66,Balanced,Train
BAT-00163,NMC,AlphaEnergy,Temperate,84.63,Balanced,Test
BAT-00164,NMC,AlphaEnergy,Desert,79.99,Aggressive,Train
BAT-00165,NCA,Voltaic,Temperate,64.62,Balanced,Train
BAT-00166,NMC,AlphaEnergy,Desert,74.73,Balanced,Train
BAT-00167,LFP,Voltaic,Desert,88.81,Conservative,Train
BAT-00168,NMC,CellCorp,Equatorial,72.07,Conservative,Test
BAT-00169,LFP,AlphaEnergy,Desert,92.12,Conservative,Train
BAT-00170,NMC,AlphaEnergy,Nordic,84.08,Aggressive,Test
BAT-00171,NCA,CellCorp,Equatorial,65.6,Balanced,Train
BAT-00172,LFP,Electronica,Equatorial,73.22,Balanced,Validation
BAT-00173,LFP,Voltaic,Nordic,74.39,Balanced,Train
BAT-00174,NMC,Electronica,Equatorial,70.45,Fast-Charge Heavy,Train
BAT-00175,NMC,CellCorp,Equatorial,54.86,Balanced,Train
BAT-00176,NCA,AlphaEnergy,Desert,62.47,Conservative,Train
BAT-00177,NMC,Voltaic,Temperate,65.29,Balanced,Train
BAT-00178,NCA,AlphaEnergy,Desert,81.96,Aggressive,Train
BAT-00179,NMC,Voltaic,Nordic,63.39,Balanced,Train
BAT-00180,NMC,Voltaic,Nordic,60.23,Balanced,Train
BAT-00181,LFP,Electronica,Nordic,78.36,Aggressive,Train
BAT-00182,NMC,Voltaic,Equatorial,63.93,Balanced,Train
BAT-00183,LFP,CellCorp,Nordic,71.73,Balanced,Train
BAT-00184,LFP,CellCorp,Nordic,71.47,Balanced,Train
BAT-00185,NCA,Electronica,Temperate,67.12,Conservative,Validation
BAT-00186,NCA,AlphaEnergy,Desert,67.37,Conservative,Train
BAT-00187,NMC,CellCorp,Temperate,54.4,Conservative,Train
BAT-00188,LFP,Electronica,Desert,76.29,Aggressive,Validation
BAT-00189,LFP,CellCorp,Temperate,78.52,Aggressive,Train
BAT-00190,NCA,AlphaEnergy,Nordic,66.65,Balanced,Validation
BAT-00191,LFP,CellCorp,Desert,82.12,Fast-Charge Heavy,Train
BAT-00192,NMC,Electronica,Nordic,60.5,Balanced,Validation
BAT-00193,NMC,Electronica,Equatorial,76.21,Conservative,Train
BAT-00194,NMC,CellCorp,Nordic,75.03,Conservative,Validation
BAT-00195,LFP,Electronica,Nordic,68.82,Balanced,Train
BAT-00196,NMC,CellCorp,Nordic,66.96,Conservative,Train
BAT-00197,NMC,Electronica,Temperate,63.47,Conservative,Train
BAT-00198,NMC,Electronica,Desert,69.14,Conservative,Train
BAT-00199,NCA,Voltaic,Desert,81.48,Aggressive,Train
BAT-00200,NMC,AlphaEnergy,Equatorial,87.1,Conservative,Train
